Year,Total excluding fuel,"Food, drink and tobacco",Clothing and footwear,Household goods,Other non-food,Population ,Total excluding fuel Per Capita,"Food, drink and tobacco Per Capita",Clothing and footwear Per Capita,Household goods Per Capita,Other non-food Per Capita
2018.0,86.6,84.2,88.9,90.5,86.1,66288900.0,1.30640273107564,1.2701975745562228,1.3410993394067483,1.3652361104196933,1.298859990134095
2019.0,89.6,88.0,93.7,86.7,91.1,66630700.0,1.3447254793961343,1.3207125244069176,1.406258676556002,1.301201998478179,1.367237624698525
2020.0,89.9,94.7,74.7,98.5,87.0,66744100.0,1.3469355343768212,1.4188520033980532,1.1192000491429206,1.4757858747065284,1.303486001009827
2021.0,95.8,96.9,85.9,103.8,95.6,66983500.0,1.4302029604305537,1.44662491509103,1.282405368486269,1.549635357961289,1.4272171504922855
2022.0,100.0,100.0,100.0,100.0,100.0,67602800.0,1.4792286710017928,1.4792286710017928,1.4792286710017928,1.4792286710017928,1.4792286710017928
2023.0,105.0,110.3,102.0,100.6,101.6,68265200.0,1.538118983025026,1.6157573697872416,1.494172726367168,1.4736644732601678,1.4883132254794535
,,,,,,,,,,,
